name,bbox_x1,bbox_y1,bbox_x2,bbox_y2,det_score,match_similarity
Om,19,314,189,494,0.812663197517395,0.5231183767318726
Unknown,176,499,349,692,0.7911926507949829,0.11034660041332245
Unknown,200,158,305,291,0.7236071825027466,0.07963942736387253
Unknown,306,329,438,472,0.8158520460128784,0.08898782730102539
Unknown,452,552,690,857,0.6142102479934692,0.06932802498340607
Shashwat,476,268,579,398,0.7191648483276367,0.6660600900650024
Unknown,584,127,670,242,0.7300772666931152,0.06757782399654388
Unknown,649,263,770,414,0.838371992111206,0.14662812650203705
Unknown,787,135,888,262,0.7113854289054871,0.06329824775457382
Unknown,820,566,1043,810,0.7326719164848328,0.20360669493675232
Unknown,857,254,998,439,0.849818766117096,0.10513455420732498
